run_tag,dataset,kv_quant_scheme,kv_quant_bits,kv_cache_proportion,kv_cache_order_mode,num_samples,token_select_mode,token_select_proportion,token_select_scope,sparse_fuse,index_dtype_bytes,include_scale_overhead,base_model,avg_input_length,bytes_per_sequence,bytes_per_sequence_mib,accuracy,run_root
step0_20260127_052746,arc_c,fp16,16,1.0,front,1150,,,,,,,Qwen/Qwen3-0.6B,141.31739130434784,8103704.486956522,7.728294836956522,0.551304347826087,quantization/data/step_0_baselines/step0_20260127_052746
step0_20260127_052746,openbookqa,fp16,16,1.0,front,500,,,,,,,Qwen/Qwen3-0.6B,117.926,6762348.544,6.449078125,0.528,quantization/data/step_0_baselines/step0_20260127_052746
step0_20260127_214552,arc_c,fp16,16,1.0,front,1150,,,,,,,Qwen/Qwen3-0.6B,141.31739130434784,8103704.486956522,7.728294836956522,0.551304347826087,quantization/data/step_0_baselines/step0_20260127_214552
step0_20260127_214552,openbookqa,fp16,16,1.0,front,500,,,,,,,Qwen/Qwen3-0.6B,117.926,6762348.544,6.449078125,0.528,quantization/data/step_0_baselines/step0_20260127_214552
step1_int4_20260127_052746,arc_c,int4,4,1.0,front,1150,,,,,,,Qwen/Qwen3-0.6B,141.31739130434784,2025926.1217391305,1.9320737092391305,0.5539130434782609,quantization/data/step_1_kv_ptq/step1_int4_20260127_052746
step1_int4_20260127_052746,openbookqa,int4,4,1.0,front,500,,,,,,,Qwen/Qwen3-0.6B,117.926,1690587.136,1.61226953125,0.526,quantization/data/step_1_kv_ptq/step1_int4_20260127_052746
step1_int4_20260127_214552,arc_c,int4,4,1.0,front,1150,,,,,,,Qwen/Qwen3-0.6B,141.31739130434784,2025926.1217391305,1.9320737092391305,0.5539130434782609,quantization/data/step_1_kv_ptq/step1_int4_20260127_214552
step1_int4_20260127_214552,openbookqa,int4,4,1.0,front,500,,,,,,,Qwen/Qwen3-0.6B,117.926,1690587.136,1.61226953125,0.526,quantization/data/step_1_kv_ptq/step1_int4_20260127_214552
step1_int8_20260127_052746,arc_c,int8,8,1.0,front,1150,,,,,,,Qwen/Qwen3-0.6B,141.31739130434784,4051852.243478261,3.864147418478261,0.5504347826086956,quantization/data/step_1_kv_ptq/step1_int8_20260127_052746
step1_int8_20260127_052746,openbookqa,int8,8,1.0,front,500,,,,,,,Qwen/Qwen3-0.6B,117.926,3381174.272,3.2245390625,0.528,quantization/data/step_1_kv_ptq/step1_int8_20260127_052746
step1_int8_20260127_214552,arc_c,int8,8,1.0,front,1150,,,,,,,Qwen/Qwen3-0.6B,141.31739130434784,4051852.243478261,3.864147418478261,0.5504347826086956,quantization/data/step_1_kv_ptq/step1_int8_20260127_214552
step1_int8_20260127_214552,openbookqa,int8,8,1.0,front,500,,,,,,,Qwen/Qwen3-0.6B,117.926,3381174.272,3.2245390625,0.528,quantization/data/step_1_kv_ptq/step1_int8_20260127_214552
step3_int8_p0.10_back_20260127_084143,arc_c,int8,8,0.1,back,1150,,,,,,,Qwen/Qwen3-0.6B,141.31739130434784,405185.22434782615,0.38641474184782615,0.5365217391304348,quantization/data/step_1_kv_ptq/step3_int8_p0.10_back_20260127_084143
step3_int8_p0.10_back_20260127_084143,openbookqa,int8,8,0.1,back,500,,,,,,,Qwen/Qwen3-0.6B,117.926,338117.42720000003,0.32245390625000003,0.492,quantization/data/step_1_kv_ptq/step3_int8_p0.10_back_20260127_084143
step3_int8_p0.10_front_20260127_082712,arc_c,int8,8,0.1,front,1150,,,,,,,Qwen/Qwen3-0.6B,141.31739130434784,405185.22434782615,0.38641474184782615,0.40695652173913044,quantization/data/step_1_kv_ptq/step3_int8_p0.10_front_20260127_082712
step3_int8_p0.10_front_20260127_082712,openbookqa,int8,8,0.1,front,500,,,,,,,Qwen/Qwen3-0.6B,117.926,338117.42720000003,0.32245390625000003,0.386,quantization/data/step_1_kv_ptq/step3_int8_p0.10_front_20260127_082712
step3_int8_p0.25_back_20260127_081228,arc_c,int8,8,0.25,back,1150,,,,,,,Qwen/Qwen3-0.6B,141.31739130434784,1012963.0608695652,0.9660368546195652,0.5617391304347826,quantization/data/step_1_kv_ptq/step3_int8_p0.25_back_20260127_081228
step3_int8_p0.25_back_20260127_081228,openbookqa,int8,8,0.25,back,500,,,,,,,Qwen/Qwen3-0.6B,117.926,845293.568,0.806134765625,0.508,quantization/data/step_1_kv_ptq/step3_int8_p0.25_back_20260127_081228
step3_int8_p0.25_front_20260127_075824,arc_c,int8,8,0.25,front,1150,,,,,,,Qwen/Qwen3-0.6B,141.31739130434784,1012963.0608695652,0.9660368546195652,0.3834782608695652,quantization/data/step_1_kv_ptq/step3_int8_p0.25_front_20260127_075824
step3_int8_p0.25_front_20260127_075824,openbookqa,int8,8,0.25,front,500,,,,,,,Qwen/Qwen3-0.6B,117.926,845293.568,0.806134765625,0.388,quantization/data/step_1_kv_ptq/step3_int8_p0.25_front_20260127_075824
step3_int8_p0.50_back_20260127_074339,arc_c,int8,8,0.5,back,1150,,,,,,,Qwen/Qwen3-0.6B,141.31739130434784,2025926.1217391305,1.9320737092391305,0.5721739130434783,quantization/data/step_1_kv_ptq/step3_int8_p0.50_back_20260127_074339
step3_int8_p0.50_back_20260127_074339,openbookqa,int8,8,0.5,back,500,,,,,,,Qwen/Qwen3-0.6B,117.926,1690587.136,1.61226953125,0.52,quantization/data/step_1_kv_ptq/step3_int8_p0.50_back_20260127_074339
step3_int8_p0.50_front_20260127_073007,arc_c,int8,8,0.5,front,1150,,,,,,,Qwen/Qwen3-0.6B,141.31739130434784,2025926.1217391305,1.9320737092391305,0.46260869565217394,quantization/data/step_1_kv_ptq/step3_int8_p0.50_front_20260127_073007
step3_int8_p0.50_front_20260127_073007,openbookqa,int8,8,0.5,front,500,,,,,,,Qwen/Qwen3-0.6B,117.926,1690587.136,1.61226953125,0.43,quantization/data/step_1_kv_ptq/step3_int8_p0.50_front_20260127_073007
step3_int8_p0.75_back_20260127_071552,arc_c,int8,8,0.75,back,1150,,,,,,,Qwen/Qwen3-0.6B,141.31739130434784,3038889.1826086957,2.8981105638586957,0.5573913043478261,quantization/data/step_1_kv_ptq/step3_int8_p0.75_back_20260127_071552
step3_int8_p0.75_back_20260127_071552,openbookqa,int8,8,0.75,back,500,,,,,,,Qwen/Qwen3-0.6B,117.926,2535880.704,2.418404296875,0.522,quantization/data/step_1_kv_ptq/step3_int8_p0.75_back_20260127_071552
step3_int8_p0.75_front_20260127_070202,arc_c,int8,8,0.75,front,1150,,,,,,,Qwen/Qwen3-0.6B,141.31739130434784,3038889.1826086957,2.8981105638586957,0.4017391304347826,quantization/data/step_1_kv_ptq/step3_int8_p0.75_front_20260127_070202
step3_int8_p0.75_front_20260127_070202,openbookqa,int8,8,0.75,front,500,,,,,,,Qwen/Qwen3-0.6B,117.926,2535880.704,2.418404296875,0.446,quantization/data/step_1_kv_ptq/step3_int8_p0.75_front_20260127_070202
step3_int8_p0p1_front_20260127_214552,arc_c,int8,8,0.1,front,1150,,,,,,,Qwen/Qwen3-0.6B,141.31739130434784,405185.22434782615,0.38641474184782615,0.40695652173913044,quantization/data/step_1_kv_ptq/step3_int8_p0p1_front_20260127_214552
step3_int8_p0p1_front_20260127_214552,openbookqa,int8,8,0.1,front,500,,,,,,,Qwen/Qwen3-0.6B,117.926,338117.42720000003,0.32245390625000003,0.386,quantization/data/step_1_kv_ptq/step3_int8_p0p1_front_20260127_214552
step3_int8_p0p25_back_20260127_214552,arc_c,int8,8,0.25,back,1150,,,,,,,Qwen/Qwen3-0.6B,141.31739130434784,1012963.0608695652,0.9660368546195652,0.5617391304347826,quantization/data/step_1_kv_ptq/step3_int8_p0p25_back_20260127_214552
step3_int8_p0p25_back_20260127_214552,openbookqa,int8,8,0.25,back,500,,,,,,,Qwen/Qwen3-0.6B,117.926,845293.568,0.806134765625,0.508,quantization/data/step_1_kv_ptq/step3_int8_p0p25_back_20260127_214552
step3_int8_p0p25_front_20260127_214552,arc_c,int8,8,0.25,front,1150,,,,,,,Qwen/Qwen3-0.6B,141.31739130434784,1012963.0608695652,0.9660368546195652,0.3834782608695652,quantization/data/step_1_kv_ptq/step3_int8_p0p25_front_20260127_214552
step3_int8_p0p25_front_20260127_214552,openbookqa,int8,8,0.25,front,500,,,,,,,Qwen/Qwen3-0.6B,117.926,845293.568,0.806134765625,0.388,quantization/data/step_1_kv_ptq/step3_int8_p0p25_front_20260127_214552
step3_int8_p0p5_back_20260127_214552,arc_c,int8,8,0.5,back,1150,,,,,,,Qwen/Qwen3-0.6B,141.31739130434784,2025926.1217391305,1.9320737092391305,0.5721739130434783,quantization/data/step_1_kv_ptq/step3_int8_p0p5_back_20260127_214552
step3_int8_p0p5_back_20260127_214552,openbookqa,int8,8,0.5,back,500,,,,,,,Qwen/Qwen3-0.6B,117.926,1690587.136,1.61226953125,0.52,quantization/data/step_1_kv_ptq/step3_int8_p0p5_back_20260127_214552
step3_int8_p0p5_front_20260127_214552,arc_c,int8,8,0.5,front,1150,,,,,,,Qwen/Qwen3-0.6B,141.31739130434784,2025926.1217391305,1.9320737092391305,0.46260869565217394,quantization/data/step_1_kv_ptq/step3_int8_p0p5_front_20260127_214552
step3_int8_p0p5_front_20260127_214552,openbookqa,int8,8,0.5,front,500,,,,,,,Qwen/Qwen3-0.6B,117.926,1690587.136,1.61226953125,0.43,quantization/data/step_1_kv_ptq/step3_int8_p0p5_front_20260127_214552
step3_int8_p0p75_back_20260127_214552,arc_c,int8,8,0.75,back,1150,,,,,,,Qwen/Qwen3-0.6B,141.31739130434784,3038889.1826086957,2.8981105638586957,0.5573913043478261,quantization/data/step_1_kv_ptq/step3_int8_p0p75_back_20260127_214552
step3_int8_p0p75_back_20260127_214552,openbookqa,int8,8,0.75,back,500,,,,,,,Qwen/Qwen3-0.6B,117.926,2535880.704,2.418404296875,0.522,quantization/data/step_1_kv_ptq/step3_int8_p0p75_back_20260127_214552
step3_int8_p0p75_front_20260127_214552,arc_c,int8,8,0.75,front,1150,,,,,,,Qwen/Qwen3-0.6B,141.31739130434784,3038889.1826086957,2.8981105638586957,0.4017391304347826,quantization/data/step_1_kv_ptq/step3_int8_p0p75_front_20260127_214552
step3_int8_p0p75_front_20260127_214552,openbookqa,int8,8,0.75,front,500,,,,,,,Qwen/Qwen3-0.6B,117.926,2535880.704,2.418404296875,0.446,quantization/data/step_1_kv_ptq/step3_int8_p0p75_front_20260127_214552
step3_int8_p1p0_back_20260127_214552,arc_c,int8,8,1.0,back,1150,,,,,,,Qwen/Qwen3-0.6B,141.31739130434784,4051852.243478261,3.864147418478261,0.5504347826086956,quantization/data/step_1_kv_ptq/step3_int8_p1p0_back_20260127_214552
step3_int8_p1p0_back_20260127_214552,openbookqa,int8,8,1.0,back,500,,,,,,,Qwen/Qwen3-0.6B,117.926,3381174.272,3.2245390625,0.528,quantization/data/step_1_kv_ptq/step3_int8_p1p0_back_20260127_214552
step3_int8_p1p0_front_20260127_052746,arc_c,int8,8,1.0,front,197,,,,,,,Qwen/Qwen3-0.6B,140.4263959390863,4026305.624365482,3.8397842639593907,0.5482233502538071,quantization/data/step_1_kv_ptq/step3_int8_p1p0_front_20260127_052746
step3_int8_p1p0_front_20260127_052746,openbookqa,int8,8,1.0,front,500,,,,,,,Qwen/Qwen3-0.6B,117.926,3381174.272,3.2245390625,0.528,quantization/data/step_1_kv_ptq/step3_int8_p1p0_front_20260127_052746
step3_int8_p1p0_front_20260127_214552,arc_c,int8,8,1.0,front,1150,,,,,,,Qwen/Qwen3-0.6B,141.31739130434784,4051852.243478261,3.864147418478261,0.5504347826086956,quantization/data/step_1_kv_ptq/step3_int8_p1p0_front_20260127_214552
step3_int8_p1p0_front_20260127_214552,openbookqa,int8,8,1.0,front,500,,,,,,,Qwen/Qwen3-0.6B,117.926,3381174.272,3.2245390625,0.528,quantization/data/step_1_kv_ptq/step3_int8_p1p0_front_20260127_214552
step6_int8_20260128_011432,arc_c,int8,8.0,1.0,front,1150,,,,,,,Qwen/Qwen3-0.6B,141.31739130434784,4051852.243478261,3.864147418478261,0.5504347826086956,quantization/data/step_1_kv_ptq/step6_int8_20260128_011432
step6_int8_20260128_011432,openbookqa,int8,8.0,1.0,front,500,,,,,,,Qwen/Qwen3-0.6B,117.926,3381174.272,3.2245390625,0.528,quantization/data/step_1_kv_ptq/step6_int8_20260128_011432
step6_int8_kv_layer_schedule_20260128_045934,arc_c,"mixed(int8,fp16)",9.142857142857142,1.0,front,1150,,,,,,,Qwen/Qwen3-0.6B,141.31739130434784,4630688.27826087,4.41616847826087,0.5530434782608695,quantization/data/step_1_kv_ptq/step6_int8_kv_layer_schedule_20260128_045934
step6_int8_kv_layer_schedule_20260128_045934,openbookqa,"mixed(int8,fp16)",9.142857142857142,1.0,front,500,,,,,,,Qwen/Qwen3-0.6B,117.926,3864199.168,3.6851875,0.528,quantization/data/step_1_kv_ptq/step6_int8_kv_layer_schedule_20260128_045934
step6_int8_kv_layer_schedule_last2_20260128_045934,arc_c,"mixed(int8,fp16)",8.571428571428571,1.0,front,1150,,,,,,,Qwen/Qwen3-0.6B,141.31739130434784,4341270.260869565,4.140157948369565,0.5495652173913044,quantization/data/step_1_kv_ptq/step6_int8_kv_layer_schedule_last2_20260128_045934
step6_int8_kv_layer_schedule_last2_20260128_045934,openbookqa,"mixed(int8,fp16)",8.571428571428571,1.0,front,500,,,,,,,Qwen/Qwen3-0.6B,117.926,3622686.72,3.45486328125,0.53,quantization/data/step_1_kv_ptq/step6_int8_kv_layer_schedule_last2_20260128_045934
step6_int8_kv_layer_schedule_last8_20260128_045934,arc_c,"mixed(int8,fp16)",10.285714285714286,1.0,front,1150,,,,,,,Qwen/Qwen3-0.6B,141.31739130434784,5209524.313043479,4.968189538043479,0.5521739130434783,quantization/data/step_1_kv_ptq/step6_int8_kv_layer_schedule_last8_20260128_045934
step6_int8_kv_layer_schedule_last8_20260128_045934,openbookqa,"mixed(int8,fp16)",10.285714285714286,1.0,front,500,,,,,,,Qwen/Qwen3-0.6B,117.926,4347224.064,4.1458359375,0.524,quantization/data/step_1_kv_ptq/step6_int8_kv_layer_schedule_last8_20260128_045934
step7_20260128_011432,arc_c,int8,8,1.0,front,1150,,,,,,,Qwen/Qwen3-0.6B,162.31739130434784,4653964.243478261,4.438366168478261,0.4956521739130435,quantization/data/step_1_kv_ptq/step7_20260128_011432
step7_20260128_011432,openbookqa,int8,8,1.0,front,500,,,,,,,Qwen/Qwen3-0.6B,138.926,3983286.272,3.7987578125,0.468,quantization/data/step_1_kv_ptq/step7_20260128_011432
step7_align0_20260128_045934,arc_c,int8,8,1.0,front,1150,,,,,,,Qwen/Qwen3-0.6B,141.31739130434784,4051852.243478261,3.864147418478261,0.5504347826086956,quantization/data/step_1_kv_ptq/step7_align0_20260128_045934
step7_align0_20260128_045934,openbookqa,int8,8,1.0,front,500,,,,,,,Qwen/Qwen3-0.6B,117.926,3381174.272,3.2245390625,0.528,quantization/data/step_1_kv_ptq/step7_align0_20260128_045934
step7_align1_20260128_045934,arc_c,int8,8,1.0,front,1150,,,,,,,Qwen/Qwen3-0.6B,162.31739130434784,4653964.243478261,4.438366168478261,0.4956521739130435,quantization/data/step_1_kv_ptq/step7_align1_20260128_045934
step7_align1_20260128_045934,openbookqa,int8,8,1.0,front,500,,,,,,,Qwen/Qwen3-0.6B,138.926,3983286.272,3.7987578125,0.468,quantization/data/step_1_kv_ptq/step7_align1_20260128_045934
step8_int4_front_p0p25_prompt_sf1_20260128_045936,arc_c,int4,4,1.0,front,1150,front,0.25,prompt,True,2,False,Qwen/Qwen3-0.6B,141.31739130434784,506552.18913043477,0.48308581269305684,0.4791304347826087,quantization/data/step_8_selective_transfer/step8_int4_front_p0p25_prompt_sf1_20260128_045936
step8_int4_front_p0p25_prompt_sf1_20260128_045936,openbookqa,int4,4,1.0,front,500,front,0.25,prompt,True,2,False,Qwen/Qwen3-0.6B,117.926,422705.747,0.40312361431121824,0.448,quantization/data/step_8_selective_transfer/step8_int4_front_p0p25_prompt_sf1_20260128_045936
step8_int4_front_p0p5_prompt_sf1_20260128_045936,arc_c,int4,4,1.0,front,1150,front,0.5,prompt,True,2,False,Qwen/Qwen3-0.6B,141.31739130434784,1013104.3782608695,0.9661716253861137,0.4782608695652174,quantization/data/step_8_selective_transfer/step8_int4_front_p0p5_prompt_sf1_20260128_045936
step8_int4_front_p0p5_prompt_sf1_20260128_045936,openbookqa,int4,4,1.0,front,500,front,0.5,prompt,True,2,False,Qwen/Qwen3-0.6B,117.926,845411.494,0.8062472286224365,0.446,quantization/data/step_8_selective_transfer/step8_int4_front_p0p5_prompt_sf1_20260128_045936
step8_int4_front_p1p0_prompt_sf1_20260128_045936,arc_c,int4,4,1.0,front,1150,front,1.0,prompt,True,2,False,Qwen/Qwen3-0.6B,141.31739130434784,2026208.756521739,1.9323432507722273,0.5539130434782609,quantization/data/step_8_selective_transfer/step8_int4_front_p1p0_prompt_sf1_20260128_045936
step8_int4_front_p1p0_prompt_sf1_20260128_045936,openbookqa,int4,4,1.0,front,500,front,1.0,prompt,True,2,False,Qwen/Qwen3-0.6B,117.926,1690822.988,1.612494457244873,0.526,quantization/data/step_8_selective_transfer/step8_int4_front_p1p0_prompt_sf1_20260128_045936
step8_int4_vnorm_topk_p0p25_prompt_sf1_20260128_045936,arc_c,int4,4,1.0,front,1150,vnorm_topk,0.25,prompt,True,2,False,Qwen/Qwen3-0.6B,141.31739130434784,506552.18913043477,0.48308581269305684,0.5626086956521739,quantization/data/step_8_selective_transfer/step8_int4_vnorm_topk_p0p25_prompt_sf1_20260128_045936
step8_int4_vnorm_topk_p0p25_prompt_sf1_20260128_045936,openbookqa,int4,4,1.0,front,500,vnorm_topk,0.25,prompt,True,2,False,Qwen/Qwen3-0.6B,117.926,422705.747,0.40312361431121824,0.518,quantization/data/step_8_selective_transfer/step8_int4_vnorm_topk_p0p25_prompt_sf1_20260128_045936
step8_int4_vnorm_topk_p0p5_prompt_sf1_20260128_045936,arc_c,int4,4,1.0,front,1150,vnorm_topk,0.5,prompt,True,2,False,Qwen/Qwen3-0.6B,141.31739130434784,1013104.3782608695,0.9661716253861137,0.5634782608695652,quantization/data/step_8_selective_transfer/step8_int4_vnorm_topk_p0p5_prompt_sf1_20260128_045936
step8_int4_vnorm_topk_p0p5_prompt_sf1_20260128_045936,openbookqa,int4,4,1.0,front,500,vnorm_topk,0.5,prompt,True,2,False,Qwen/Qwen3-0.6B,117.926,845411.494,0.8062472286224365,0.52,quantization/data/step_8_selective_transfer/step8_int4_vnorm_topk_p0p5_prompt_sf1_20260128_045936
step8_int4_vnorm_topk_p1p0_prompt_sf1_20260128_045936,arc_c,int4,4,1.0,front,1150,vnorm_topk,1.0,prompt,True,2,False,Qwen/Qwen3-0.6B,141.31739130434784,2026208.756521739,1.9323432507722273,0.5539130434782609,quantization/data/step_8_selective_transfer/step8_int4_vnorm_topk_p1p0_prompt_sf1_20260128_045936
step8_int4_vnorm_topk_p1p0_prompt_sf1_20260128_045936,openbookqa,int4,4,1.0,front,500,vnorm_topk,1.0,prompt,True,2,False,Qwen/Qwen3-0.6B,117.926,1690822.988,1.612494457244873,0.526,quantization/data/step_8_selective_transfer/step8_int4_vnorm_topk_p1p0_prompt_sf1_20260128_045936
step8_int8_front_p0p10_prompt_sf1_20260128_045934,arc_c,int8,8,1.0,front,1150,front,0.1,prompt,True,2,False,Qwen/Qwen3-0.6B,141.31739130434784,405213.48782608705,0.38644169600113587,0.47391304347826085,quantization/data/step_8_selective_transfer/step8_int8_front_p0p10_prompt_sf1_20260128_045934
step8_int8_front_p0p10_prompt_sf1_20260128_045934,openbookqa,int8,8,1.0,front,500,front,0.1,prompt,True,2,False,Qwen/Qwen3-0.6B,117.926,338141.0124,0.3224763988494873,0.448,quantization/data/step_8_selective_transfer/step8_int8_front_p0p10_prompt_sf1_20260128_045934
step8_int8_front_p0p25_prompt_sf1_20260128_045934,arc_c,int8,8,1.0,front,1150,front,0.25,prompt,True,2,False,Qwen/Qwen3-0.6B,141.31739130434784,1013033.7195652174,0.9661042400028395,0.47391304347826085,quantization/data/step_8_selective_transfer/step8_int8_front_p0p25_prompt_sf1_20260128_045934
step8_int8_front_p0p25_prompt_sf1_20260128_045934,openbookqa,int8,8,1.0,front,500,front,0.25,prompt,True,2,False,Qwen/Qwen3-0.6B,117.926,845352.531,0.8061909971237182,0.448,quantization/data/step_8_selective_transfer/step8_int8_front_p0p25_prompt_sf1_20260128_045934
step8_int8_front_p0p5_prompt_sf1_20260128_045934,arc_c,int8,8,1.0,front,1150,front,0.5,prompt,True,2,False,Qwen/Qwen3-0.6B,141.31739130434784,2026067.4391304348,1.932208480005679,0.4756521739130435,quantization/data/step_8_selective_transfer/step8_int8_front_p0p5_prompt_sf1_20260128_045934
step8_int8_front_p0p5_prompt_sf1_20260128_045934,openbookqa,int8,8,1.0,front,500,front,0.5,prompt,True,2,False,Qwen/Qwen3-0.6B,117.926,1690705.062,1.6123819942474364,0.448,quantization/data/step_8_selective_transfer/step8_int8_front_p0p5_prompt_sf1_20260128_045934
step8_int8_front_p1p0_prompt_sf1_20260128_045934,arc_c,int8,8,1.0,front,1150,front,1.0,prompt,True,2,False,Qwen/Qwen3-0.6B,141.31739130434784,4052134.8782608695,3.864416960011358,0.5504347826086956,quantization/data/step_8_selective_transfer/step8_int8_front_p1p0_prompt_sf1_20260128_045934
step8_int8_front_p1p0_prompt_sf1_20260128_045934,openbookqa,int8,8,1.0,front,500,front,1.0,prompt,True,2,False,Qwen/Qwen3-0.6B,117.926,3381410.124,3.224763988494873,0.528,quantization/data/step_8_selective_transfer/step8_int8_front_p1p0_prompt_sf1_20260128_045934
step8_int8_knorm_topk_p0p10_prompt_sf1_20260128_045934,arc_c,int8,8,1.0,front,1150,knorm_topk,0.1,prompt,True,2,False,Qwen/Qwen3-0.6B,141.31739130434784,405213.48782608705,0.38644169600113587,0.5608695652173913,quantization/data/step_8_selective_transfer/step8_int8_knorm_topk_p0p10_prompt_sf1_20260128_045934
step8_int8_knorm_topk_p0p10_prompt_sf1_20260128_045934,openbookqa,int8,8,1.0,front,500,knorm_topk,0.1,prompt,True,2,False,Qwen/Qwen3-0.6B,117.926,338141.0124,0.3224763988494873,0.516,quantization/data/step_8_selective_transfer/step8_int8_knorm_topk_p0p10_prompt_sf1_20260128_045934
step8_int8_knorm_topk_p0p25_prompt_sf1_20260128_045934,arc_c,int8,8,1.0,front,1150,knorm_topk,0.25,prompt,True,2,False,Qwen/Qwen3-0.6B,141.31739130434784,1013033.7195652174,0.9661042400028395,0.5608695652173913,quantization/data/step_8_selective_transfer/step8_int8_knorm_topk_p0p25_prompt_sf1_20260128_045934
step8_int8_knorm_topk_p0p25_prompt_sf1_20260128_045934,openbookqa,int8,8,1.0,front,500,knorm_topk,0.25,prompt,True,2,False,Qwen/Qwen3-0.6B,117.926,845352.531,0.8061909971237182,0.516,quantization/data/step_8_selective_transfer/step8_int8_knorm_topk_p0p25_prompt_sf1_20260128_045934
step8_int8_knorm_topk_p0p5_prompt_sf1_20260128_045934,arc_c,int8,8,1.0,front,1150,knorm_topk,0.5,prompt,True,2,False,Qwen/Qwen3-0.6B,141.31739130434784,2026067.4391304348,1.932208480005679,0.5634782608695652,quantization/data/step_8_selective_transfer/step8_int8_knorm_topk_p0p5_prompt_sf1_20260128_045934
step8_int8_knorm_topk_p0p5_prompt_sf1_20260128_045934,openbookqa,int8,8,1.0,front,500,knorm_topk,0.5,prompt,True,2,False,Qwen/Qwen3-0.6B,117.926,1690705.062,1.6123819942474364,0.518,quantization/data/step_8_selective_transfer/step8_int8_knorm_topk_p0p5_prompt_sf1_20260128_045934
step8_int8_knorm_topk_p1p0_prompt_sf1_20260128_045934,arc_c,int8,8,1.0,front,1150,knorm_topk,1.0,prompt,True,2,False,Qwen/Qwen3-0.6B,141.31739130434784,4052134.8782608695,3.864416960011358,0.5504347826086956,quantization/data/step_8_selective_transfer/step8_int8_knorm_topk_p1p0_prompt_sf1_20260128_045934
step8_int8_knorm_topk_p1p0_prompt_sf1_20260128_045934,openbookqa,int8,8,1.0,front,500,knorm_topk,1.0,prompt,True,2,False,Qwen/Qwen3-0.6B,117.926,3381410.124,3.224763988494873,0.528,quantization/data/step_8_selective_transfer/step8_int8_knorm_topk_p1p0_prompt_sf1_20260128_045934
step8_int8_proj_vnorm_topk_p0p10_prompt_sf1_20260128_045934,arc_c,int8,8,1.0,front,1150,proj_vnorm_topk,0.1,prompt,True,2,False,Qwen/Qwen3-0.6B,141.31739130434784,405213.48782608705,0.38644169600113587,0.542608695652174,quantization/data/step_8_selective_transfer/step8_int8_proj_vnorm_topk_p0p10_prompt_sf1_20260128_045934
step8_int8_proj_vnorm_topk_p0p10_prompt_sf1_20260128_045934,openbookqa,int8,8,1.0,front,500,proj_vnorm_topk,0.1,prompt,True,2,False,Qwen/Qwen3-0.6B,117.926,338141.0124,0.3224763988494873,0.504,quantization/data/step_8_selective_transfer/step8_int8_proj_vnorm_topk_p0p10_prompt_sf1_20260128_045934
step8_int8_proj_vnorm_topk_p0p1_20260128_011432,arc_c,int8,8,1.0,front,1150,proj_vnorm_topk,0.1,prompt,True,2,False,Qwen/Qwen3-0.6B,141.31739130434784,405213.48782608705,0.38644169600113587,0.542608695652174,quantization/data/step_8_selective_transfer/step8_int8_proj_vnorm_topk_p0p1_20260128_011432
step8_int8_proj_vnorm_topk_p0p1_20260128_011432,openbookqa,int8,8,1.0,front,500,proj_vnorm_topk,0.1,prompt,True,2,False,Qwen/Qwen3-0.6B,117.926,338141.0124,0.3224763988494873,0.504,quantization/data/step_8_selective_transfer/step8_int8_proj_vnorm_topk_p0p1_20260128_011432
step8_int8_proj_vnorm_topk_p0p25_20260128_011432,arc_c,int8,8,1.0,front,1150,proj_vnorm_topk,0.25,prompt,True,2,False,Qwen/Qwen3-0.6B,141.31739130434784,1013033.7195652174,0.9661042400028395,0.542608695652174,quantization/data/step_8_selective_transfer/step8_int8_proj_vnorm_topk_p0p25_20260128_011432
step8_int8_proj_vnorm_topk_p0p25_20260128_011432,openbookqa,int8,8,1.0,front,500,proj_vnorm_topk,0.25,prompt,True,2,False,Qwen/Qwen3-0.6B,117.926,845352.531,0.8061909971237182,0.504,quantization/data/step_8_selective_transfer/step8_int8_proj_vnorm_topk_p0p25_20260128_011432
step8_int8_proj_vnorm_topk_p0p25_prompt_sf1_20260128_045934,arc_c,int8,8,1.0,front,1150,proj_vnorm_topk,0.25,prompt,True,2,False,Qwen/Qwen3-0.6B,141.31739130434784,1013033.7195652174,0.9661042400028395,0.542608695652174,quantization/data/step_8_selective_transfer/step8_int8_proj_vnorm_topk_p0p25_prompt_sf1_20260128_045934
step8_int8_proj_vnorm_topk_p0p25_prompt_sf1_20260128_045934,openbookqa,int8,8,1.0,front,500,proj_vnorm_topk,0.25,prompt,True,2,False,Qwen/Qwen3-0.6B,117.926,845352.531,0.8061909971237182,0.504,quantization/data/step_8_selective_transfer/step8_int8_proj_vnorm_topk_p0p25_prompt_sf1_20260128_045934
step8_int8_proj_vnorm_topk_p0p5_20260128_011432,arc_c,int8,8,1.0,front,1150,proj_vnorm_topk,0.5,prompt,True,2,False,Qwen/Qwen3-0.6B,141.31739130434784,2026067.4391304348,1.932208480005679,0.5408695652173913,quantization/data/step_8_selective_transfer/step8_int8_proj_vnorm_topk_p0p5_20260128_011432
step8_int8_proj_vnorm_topk_p0p5_20260128_011432,openbookqa,int8,8,1.0,front,500,proj_vnorm_topk,0.5,prompt,True,2,False,Qwen/Qwen3-0.6B,117.926,1690705.062,1.6123819942474364,0.502,quantization/data/step_8_selective_transfer/step8_int8_proj_vnorm_topk_p0p5_20260128_011432
step8_int8_proj_vnorm_topk_p0p5_prompt_sf1_20260128_045934,arc_c,int8,8,1.0,front,1150,proj_vnorm_topk,0.5,prompt,True,2,False,Qwen/Qwen3-0.6B,141.31739130434784,2026067.4391304348,1.932208480005679,0.5408695652173913,quantization/data/step_8_selective_transfer/step8_int8_proj_vnorm_topk_p0p5_prompt_sf1_20260128_045934
step8_int8_proj_vnorm_topk_p0p5_prompt_sf1_20260128_045934,openbookqa,int8,8,1.0,front,500,proj_vnorm_topk,0.5,prompt,True,2,False,Qwen/Qwen3-0.6B,117.926,1690705.062,1.6123819942474364,0.502,quantization/data/step_8_selective_transfer/step8_int8_proj_vnorm_topk_p0p5_prompt_sf1_20260128_045934
step8_int8_proj_vnorm_topk_p1p0_20260128_011432,arc_c,int8,8,1.0,front,1150,proj_vnorm_topk,1.0,prompt,True,2,False,Qwen/Qwen3-0.6B,141.31739130434784,4052134.8782608695,3.864416960011358,0.5504347826086956,quantization/data/step_8_selective_transfer/step8_int8_proj_vnorm_topk_p1p0_20260128_011432
step8_int8_proj_vnorm_topk_p1p0_20260128_011432,openbookqa,int8,8,1.0,front,500,proj_vnorm_topk,1.0,prompt,True,2,False,Qwen/Qwen3-0.6B,117.926,3381410.124,3.224763988494873,0.528,quantization/data/step_8_selective_transfer/step8_int8_proj_vnorm_topk_p1p0_20260128_011432
step8_int8_proj_vnorm_topk_p1p0_prompt_sf1_20260128_045934,arc_c,int8,8,1.0,front,1150,proj_vnorm_topk,1.0,prompt,True,2,False,Qwen/Qwen3-0.6B,141.31739130434784,4052134.8782608695,3.864416960011358,0.5504347826086956,quantization/data/step_8_selective_transfer/step8_int8_proj_vnorm_topk_p1p0_prompt_sf1_20260128_045934
step8_int8_proj_vnorm_topk_p1p0_prompt_sf1_20260128_045934,openbookqa,int8,8,1.0,front,500,proj_vnorm_topk,1.0,prompt,True,2,False,Qwen/Qwen3-0.6B,117.926,3381410.124,3.224763988494873,0.528,quantization/data/step_8_selective_transfer/step8_int8_proj_vnorm_topk_p1p0_prompt_sf1_20260128_045934
step8_int8_random_p0p10_prompt_sf1_20260128_045934,arc_c,int8,8,1.0,front,1150,random,0.1,prompt,True,2,False,Qwen/Qwen3-0.6B,141.31739130434784,405213.48782608705,0.38644169600113587,0.5208695652173913,quantization/data/step_8_selective_transfer/step8_int8_random_p0p10_prompt_sf1_20260128_045934
step8_int8_random_p0p10_prompt_sf1_20260128_045934,openbookqa,int8,8,1.0,front,500,random,0.1,prompt,True,2,False,Qwen/Qwen3-0.6B,117.926,338141.0124,0.3224763988494873,0.482,quantization/data/step_8_selective_transfer/step8_int8_random_p0p10_prompt_sf1_20260128_045934
step8_int8_random_p0p25_prompt_sf1_20260128_045934,arc_c,int8,8,1.0,front,1150,random,0.25,prompt,True,2,False,Qwen/Qwen3-0.6B,141.31739130434784,1013033.7195652174,0.9661042400028395,0.528695652173913,quantization/data/step_8_selective_transfer/step8_int8_random_p0p25_prompt_sf1_20260128_045934
step8_int8_random_p0p25_prompt_sf1_20260128_045934,openbookqa,int8,8,1.0,front,500,random,0.25,prompt,True,2,False,Qwen/Qwen3-0.6B,117.926,845352.531,0.8061909971237182,0.502,quantization/data/step_8_selective_transfer/step8_int8_random_p0p25_prompt_sf1_20260128_045934
step8_int8_random_p0p5_prompt_sf1_20260128_045934,arc_c,int8,8,1.0,front,1150,random,0.5,prompt,True,2,False,Qwen/Qwen3-0.6B,141.31739130434784,2026067.4391304348,1.932208480005679,0.5304347826086957,quantization/data/step_8_selective_transfer/step8_int8_random_p0p5_prompt_sf1_20260128_045934
step8_int8_random_p0p5_prompt_sf1_20260128_045934,openbookqa,int8,8,1.0,front,500,random,0.5,prompt,True,2,False,Qwen/Qwen3-0.6B,117.926,1690705.062,1.6123819942474364,0.5,quantization/data/step_8_selective_transfer/step8_int8_random_p0p5_prompt_sf1_20260128_045934
step8_int8_random_p1p0_prompt_sf1_20260128_045934,arc_c,int8,8,1.0,front,1150,random,1.0,prompt,True,2,False,Qwen/Qwen3-0.6B,141.31739130434784,4052134.8782608695,3.864416960011358,0.5504347826086956,quantization/data/step_8_selective_transfer/step8_int8_random_p1p0_prompt_sf1_20260128_045934
step8_int8_random_p1p0_prompt_sf1_20260128_045934,openbookqa,int8,8,1.0,front,500,random,1.0,prompt,True,2,False,Qwen/Qwen3-0.6B,117.926,3381410.124,3.224763988494873,0.528,quantization/data/step_8_selective_transfer/step8_int8_random_p1p0_prompt_sf1_20260128_045934
step8_int8_vnorm_topk_p0p10_prompt_sf1_20260128_045934,arc_c,int8,8,1.0,front,1150,vnorm_topk,0.1,prompt,True,2,False,Qwen/Qwen3-0.6B,141.31739130434784,405213.48782608705,0.38644169600113587,0.5582608695652174,quantization/data/step_8_selective_transfer/step8_int8_vnorm_topk_p0p10_prompt_sf1_20260128_045934
step8_int8_vnorm_topk_p0p10_prompt_sf1_20260128_045934,openbookqa,int8,8,1.0,front,500,vnorm_topk,0.1,prompt,True,2,False,Qwen/Qwen3-0.6B,117.926,338141.0124,0.3224763988494873,0.522,quantization/data/step_8_selective_transfer/step8_int8_vnorm_topk_p0p10_prompt_sf1_20260128_045934
step8_int8_vnorm_topk_p0p25_prompt_sf1_20260128_045934,arc_c,int8,8,1.0,front,1150,vnorm_topk,0.25,prompt,True,2,False,Qwen/Qwen3-0.6B,141.31739130434784,1013033.7195652174,0.9661042400028395,0.5582608695652174,quantization/data/step_8_selective_transfer/step8_int8_vnorm_topk_p0p25_prompt_sf1_20260128_045934
step8_int8_vnorm_topk_p0p25_prompt_sf1_20260128_045934,openbookqa,int8,8,1.0,front,500,vnorm_topk,0.25,prompt,True,2,False,Qwen/Qwen3-0.6B,117.926,845352.531,0.8061909971237182,0.522,quantization/data/step_8_selective_transfer/step8_int8_vnorm_topk_p0p25_prompt_sf1_20260128_045934
step8_int8_vnorm_topk_p0p5_prompt_sf1_20260128_045934,arc_c,int8,8,1.0,front,1150,vnorm_topk,0.5,prompt,True,2,False,Qwen/Qwen3-0.6B,141.31739130434784,2026067.4391304348,1.932208480005679,0.5617391304347826,quantization/data/step_8_selective_transfer/step8_int8_vnorm_topk_p0p5_prompt_sf1_20260128_045934
step8_int8_vnorm_topk_p0p5_prompt_sf1_20260128_045934,openbookqa,int8,8,1.0,front,500,vnorm_topk,0.5,prompt,True,2,False,Qwen/Qwen3-0.6B,117.926,1690705.062,1.6123819942474364,0.524,quantization/data/step_8_selective_transfer/step8_int8_vnorm_topk_p0p5_prompt_sf1_20260128_045934
step8_int8_vnorm_topk_p1p0_prompt_sf1_20260128_045934,arc_c,int8,8,1.0,front,1150,vnorm_topk,1.0,prompt,True,2,False,Qwen/Qwen3-0.6B,141.31739130434784,4052134.8782608695,3.864416960011358,0.5504347826086956,quantization/data/step_8_selective_transfer/step8_int8_vnorm_topk_p1p0_prompt_sf1_20260128_045934
step8_int8_vnorm_topk_p1p0_prompt_sf1_20260128_045934,openbookqa,int8,8,1.0,front,500,vnorm_topk,1.0,prompt,True,2,False,Qwen/Qwen3-0.6B,117.926,3381410.124,3.224763988494873,0.528,quantization/data/step_8_selective_transfer/step8_int8_vnorm_topk_p1p0_prompt_sf1_20260128_045934
